<?xml version="1.0"?>
<DARoots Version="1" Minor="6">
	<FileSet Name="sources_1" Type="DesignSrcs" RelSrcDir="$PSRCDIR/sources_1">
		<Filter Type="EDIFSrcs"/>
		<Root Path="C:/FPGA Lab Manual/Experiment 2 - Switches Gates Clocks/SwitchesGatesClocks" Recursive="FALSE">
		</Root>
		<Root Path="C:/FPGA Lab Manual/Experiment 2 - Switches Gates Clocks/SwitchesGatesClocks" Recursive="FALSE">
		</Root>
		<Config>
			<Option Name="DesignMode" Val="GateLvl"/>
			<Option Name="GateLvlMode" Val="EDIF"/>
			<Option Name="TopFile" Val="C:/FPGA Lab Manual/Experiment 2 - Switches Gates Clocks/SwitchesGatesClocks/top.ngc"/>
		</Config>
	</FileSet>
</DARoots>

