<?xml version="1.0"?>
<DARoots Version="1" Minor="6">
	<FileSet Name="sources_1" Type="DesignSrcs" RelSrcDir="$PSRCDIR/sources_1">
		<Filter Type="Srcs"/>
		<Root Path="C:/FPGA Lab Manual/Experiment 1/TwoJunctions/junction.v">
		</Root>
		<Root Path="C:/FPGA Lab Manual/Experiment 1/TwoJunctions/top.v">
		</Root>
		<Root Path="$PDATADIR/sources_1/hd.xml">
			<Src SFType="HDDb"/>
		</Root>
		<Root Path="$PDATADIR/sources_1/ports.xml">
			<Src SFType="PortsDb"/>
		</Root>
		<Root Path="$PDATADIR/sources_1/chipscope.xml">
			<Src SFType="ChipscopeDb"/>
		</Root>
		<Config>
			<Option Name="DesignMode" Val="RTL"/>
			<Option Name="TopModule" Val="top"/>
		</Config>
	</FileSet>
</DARoots>

