<?xml version="1.0" encoding="UTF-8"?>
<!-- IMPORTANT: This is an internal file that has been generated
     by the Xilinx ISE software.  Any direct editing or
     changes made to this file may result in unpredictable
     behavior or data corruption.  It is strongly advised that
     users do not edit the contents of this file. -->
<DeviceUsageSummary rev="16">
<DesignStatistics TimeStamp="Fri Aug 20 10:24:52 2010"><group name="NetStatistics">
<item name="NumNets_Active" rev="16">
<attrib name="value" value="118"/></item>
<item name="NumNets_Gnd" rev="16">
<attrib name="value" value="1"/></item>
<item name="NumNets_Vcc" rev="16">
<attrib name="value" value="1"/></item>
<item name="NumNodesOfType_Active_CLKPIN" rev="16">
<attrib name="value" value="45"/></item>
<item name="NumNodesOfType_Active_CNTRLPIN" rev="16">
<attrib name="value" value="2"/></item>
<item name="NumNodesOfType_Active_DOUBLE" rev="16">
<attrib name="value" value="44"/></item>
<item name="NumNodesOfType_Active_DUMMY" rev="16">
<attrib name="value" value="96"/></item>
<item name="NumNodesOfType_Active_DUMMYBANK" rev="16">
<attrib name="value" value="2"/></item>
<item name="NumNodesOfType_Active_DUMMYESC" rev="16">
<attrib name="value" value="2"/></item>
<item name="NumNodesOfType_Active_GLOBAL" rev="16">
<attrib name="value" value="53"/></item>
<item name="NumNodesOfType_Active_HFULLHEX" rev="16">
<attrib name="value" value="1"/></item>
<item name="NumNodesOfType_Active_HUNIHEX" rev="16">
<attrib name="value" value="16"/></item>
<item name="NumNodesOfType_Active_INPUT" rev="16">
<attrib name="value" value="88"/></item>
<item name="NumNodesOfType_Active_IOBOUTPUT" rev="16">
<attrib name="value" value="25"/></item>
<item name="NumNodesOfType_Active_OMUX" rev="16">
<attrib name="value" value="63"/></item>
<item name="NumNodesOfType_Active_OUTPUT" rev="16">
<attrib name="value" value="66"/></item>
<item name="NumNodesOfType_Active_PREBXBY" rev="16">
<attrib name="value" value="14"/></item>
<item name="NumNodesOfType_Active_VFULLHEX" rev="16">
<attrib name="value" value="5"/></item>
<item name="NumNodesOfType_Active_VLONG" rev="16">
<attrib name="value" value="2"/></item>
<item name="NumNodesOfType_Active_VUNIHEX" rev="16">
<attrib name="value" value="21"/></item>
<item name="NumNodesOfType_Vcc_CNTRLPIN" rev="16">
<attrib name="value" value="3"/></item>
<item name="NumNodesOfType_Vcc_VCCOUT" rev="16">
<attrib name="value" value="2"/></item>
</group>
<group name="MiscellaneousStatistics">
<item name="AGG_BONDED_IO" rev="15">
<attrib name="value" value="27"/></item>
<item name="AGG_IO" rev="15">
<attrib name="value" value="27"/></item>
<item name="AGG_SLICE" rev="15">
<attrib name="value" value="25"/></item>
<item name="NUM_4_INPUT_LUT" rev="15">
<attrib name="value" value="44"/></item>
<item name="NUM_BONDED_IBUF" rev="15">
<attrib name="value" value="25"/></item>
<item name="NUM_BONDED_IOB" rev="15">
<attrib name="value" value="2"/></item>
<item name="NUM_BUFGMUX" rev="15">
<attrib name="value" value="3"/></item>
<item name="NUM_CYMUX" rev="15">
<attrib name="value" value="34"/></item>
<item name="NUM_DCM" rev="15">
<attrib name="value" value="1"/></item>
<item name="NUM_IOB_FF" rev="15">
<attrib name="value" value="24"/></item>
<item name="NUM_LUT_RT" rev="15">
<attrib name="value" value="34"/></item>
<item name="NUM_SLICEL" rev="15">
<attrib name="value" value="25"/></item>
<item name="NUM_SLICE_FF" rev="15">
<attrib name="value" value="36"/></item>
<item name="NUM_XOR" rev="15">
<attrib name="value" value="36"/></item>
</group>
<group name="SiteStatistics">
<item name="IBUF-DIFFMI" rev="16">
<attrib name="value" value="3"/></item>
<item name="IBUF-DIFFSI" rev="16">
<attrib name="value" value="5"/></item>
<item name="IOB-DIFFS" rev="16">
<attrib name="value" value="1"/></item>
<item name="SLICEL-SLICEM" rev="16">
<attrib name="value" value="4"/></item>
</group>
</DesignStatistics>
<DeviceUsage TimeStamp="Fri Aug 20 10:24:52 2010"><group name="SiteSummary">
<item name="BUFGMUX" rev="16">
<attrib name="total" value="1000000"/><attrib name="used" value="3"/></item>
<item name="BUFGMUX_GCLKMUX" rev="16">
<attrib name="total" value="1000000"/><attrib name="used" value="3"/></item>
<item name="BUFGMUX_GCLK_BUFFER" rev="16">
<attrib name="total" value="1000000"/><attrib name="used" value="3"/></item>
<item name="DCM" rev="16">
<attrib name="total" value="1000000"/><attrib name="used" value="1"/></item>
<item name="DCM_DCM" rev="16">
<attrib name="total" value="1000000"/><attrib name="used" value="1"/></item>
<item name="IBUF" rev="16">
<attrib name="total" value="1000000"/><attrib name="used" value="25"/></item>
<item name="IBUF_IFD_DELAY" rev="16">
<attrib name="total" value="1000000"/><attrib name="used" value="24"/></item>
<item name="IBUF_IFF1" rev="16">
<attrib name="total" value="1000000"/><attrib name="used" value="24"/></item>
<item name="IBUF_INBUF" rev="16">
<attrib name="total" value="1000000"/><attrib name="used" value="25"/></item>
<item name="IBUF_PAD" rev="16">
<attrib name="total" value="1000000"/><attrib name="used" value="25"/></item>
<item name="IOB" rev="16">
<attrib name="total" value="1000000"/><attrib name="used" value="2"/></item>
<item name="IOB_OUTBUF" rev="16">
<attrib name="total" value="1000000"/><attrib name="used" value="2"/></item>
<item name="IOB_PAD" rev="16">
<attrib name="total" value="1000000"/><attrib name="used" value="2"/></item>
<item name="SLICEL" rev="16">
<attrib name="total" value="1000000"/><attrib name="used" value="25"/></item>
<item name="SLICEL_C1VDD" rev="16">
<attrib name="total" value="1000000"/><attrib name="used" value="2"/></item>
<item name="SLICEL_CYMUXF" rev="16">
<attrib name="total" value="1000000"/><attrib name="used" value="17"/></item>
<item name="SLICEL_CYMUXG" rev="16">
<attrib name="total" value="1000000"/><attrib name="used" value="17"/></item>
<item name="SLICEL_F" rev="16">
<attrib name="total" value="1000000"/><attrib name="used" value="25"/></item>
<item name="SLICEL_FFX" rev="16">
<attrib name="total" value="1000000"/><attrib name="used" value="19"/></item>
<item name="SLICEL_FFY" rev="16">
<attrib name="total" value="1000000"/><attrib name="used" value="17"/></item>
<item name="SLICEL_G" rev="16">
<attrib name="total" value="1000000"/><attrib name="used" value="19"/></item>
<item name="SLICEL_GNDF" rev="16">
<attrib name="total" value="1000000"/><attrib name="used" value="15"/></item>
<item name="SLICEL_GNDG" rev="16">
<attrib name="total" value="1000000"/><attrib name="used" value="17"/></item>
<item name="SLICEL_XORF" rev="16">
<attrib name="total" value="1000000"/><attrib name="used" value="19"/></item>
<item name="SLICEL_XORG" rev="16">
<attrib name="total" value="1000000"/><attrib name="used" value="17"/></item>
</group>
</DeviceUsage>
<ReportConfigData TimeStamp="Fri Aug 20 10:24:52 2010"><group name="IBUF_PAD">
<item name="IOATTRBOX" rev="16">
<attrib name="LVCMOS33" value="25"/></item>
</group>
<group name="IBUF_INBUF">
<item name="IBUF_DELAY_VALUE" rev="16">
<attrib name="DLY0" value="1"/></item>
<item name="IFD_DELAY_VALUE" rev="16">
<attrib name="DLY3" value="24"/></item>
</group>
<group name="SLICEL">
<item name="BX" rev="16">
<attrib name="BX_INV" value="0"/><attrib name="BX" value="2"/></item>
<item name="CIN" rev="16">
<attrib name="CIN_INV" value="0"/><attrib name="CIN" value="17"/></item>
<item name="CLK" rev="16">
<attrib name="CLK" value="19"/><attrib name="CLK_INV" value="0"/></item>
</group>
<group name="IOB_OUTBUF">
<item name="IN" rev="16">
<attrib name="IN_INV" value="0"/><attrib name="IN" value="2"/></item>
<item name="TRI" rev="16">
<attrib name="TRI_INV" value="0"/><attrib name="TRI" value="2"/></item>
</group>
<group name="SLICEL_CYMUXF">
<item name="0" rev="16">
<attrib name="0" value="17"/><attrib name="0_INV" value="0"/></item>
<item name="1" rev="16">
<attrib name="1_INV" value="0"/><attrib name="1" value="17"/></item>
</group>
<group name="SLICEL_CYMUXG">
<item name="0" rev="16">
<attrib name="0" value="17"/><attrib name="0_INV" value="0"/></item>
</group>
<group name="BUFGMUX_GCLKMUX">
<item name="DISABLE_ATTR" rev="16">
<attrib name="LOW" value="3"/></item>
<item name="S" rev="16">
<attrib name="S_INV" value="3"/><attrib name="S" value="0"/></item>
</group>
<group name="IBUF">
<item name="ICLK1" rev="16">
<attrib name="ICLK1_INV" value="0"/><attrib name="ICLK1" value="24"/></item>
</group>
<group name="SLICEL_FFX">
<item name="CK" rev="16">
<attrib name="CK" value="19"/><attrib name="CK_INV" value="0"/></item>
<item name="D" rev="16">
<attrib name="D" value="19"/><attrib name="D_INV" value="0"/></item>
<item name="FFX_INIT_ATTR" rev="16">
<attrib name="INIT0" value="19"/></item>
<item name="FFX_SR_ATTR" rev="16">
<attrib name="SRLOW" value="19"/></item>
<item name="LATCH_OR_FF" rev="16">
<attrib name="FF" value="19"/></item>
<item name="SYNC_ATTR" rev="16">
<attrib name="ASYNC" value="19"/></item>
</group>
<group name="SLICEL_XORF">
<item name="1" rev="16">
<attrib name="1_INV" value="0"/><attrib name="1" value="19"/></item>
</group>
<group name="SLICEL_FFY">
<item name="CK" rev="16">
<attrib name="CK" value="17"/><attrib name="CK_INV" value="0"/></item>
<item name="D" rev="16">
<attrib name="D" value="17"/><attrib name="D_INV" value="0"/></item>
<item name="FFY_INIT_ATTR" rev="16">
<attrib name="INIT0" value="17"/></item>
<item name="FFY_SR_ATTR" rev="16">
<attrib name="SRLOW" value="17"/></item>
<item name="LATCH_OR_FF" rev="16">
<attrib name="FF" value="17"/></item>
<item name="SYNC_ATTR" rev="16">
<attrib name="ASYNC" value="17"/></item>
</group>
<group name="IBUF_IFF1">
<item name="CK" rev="16">
<attrib name="CK" value="24"/><attrib name="CK_INV" value="0"/></item>
<item name="IFF1_INIT_ATTR" rev="16">
<attrib name="INIT0" value="24"/></item>
<item name="LATCH_OR_FF" rev="16">
<attrib name="FF" value="24"/></item>
</group>
<group name="IOB_PAD">
<item name="DRIVEATTRBOX" rev="16">
<attrib name="12" value="2"/></item>
<item name="IOATTRBOX" rev="16">
<attrib name="LVCMOS33" value="2"/></item>
<item name="SLEW" rev="16">
<attrib name="SLOW" value="2"/></item>
</group>
<group name="IOB">
<item name="O1" rev="16">
<attrib name="O1_INV" value="0"/><attrib name="O1" value="2"/></item>
<item name="T1" rev="16">
<attrib name="T1_INV" value="0"/><attrib name="T1" value="2"/></item>
</group>
<group name="DCM_DCM">
<item name="CLKDV_DIVIDE" rev="16">
<attrib name="16" value="1"/></item>
<item name="CLKOUT_PHASE_SHIFT" rev="16">
<attrib name="NONE" value="1"/></item>
<item name="CLK_FEEDBACK" rev="16">
<attrib name="1X" value="1"/></item>
<item name="DESKEW_ADJUST" rev="16">
<attrib name="7" value="1"/></item>
<item name="DFS_FREQUENCY_MODE" rev="16">
<attrib name="LOW" value="1"/></item>
<item name="DLL_FREQUENCY_MODE" rev="16">
<attrib name="LOW" value="1"/></item>
<item name="DUTY_CYCLE_CORRECTION" rev="16">
<attrib name="TRUE" value="1"/></item>
<item name="FACTORY_JF1" rev="16">
<attrib name="0XC0" value="1"/></item>
<item name="FACTORY_JF2" rev="16">
<attrib name="0X80" value="1"/></item>
<item name="PSCLK" rev="16">
<attrib name="PSCLK_INV" value="0"/><attrib name="PSCLK" value="1"/></item>
<item name="PSEN" rev="16">
<attrib name="PSEN_INV" value="0"/><attrib name="PSEN" value="1"/></item>
<item name="PSINCDEC" rev="16">
<attrib name="PSINCDEC_INV" value="0"/><attrib name="PSINCDEC" value="1"/></item>
<item name="RST" rev="16">
<attrib name="RST" value="1"/><attrib name="RST_INV" value="0"/></item>
</group>
<group name="BUFGMUX">
<item name="S" rev="16">
<attrib name="S_INV" value="3"/><attrib name="S" value="0"/></item>
</group>
<group name="DCM">
<item name="PSCLK" rev="16">
<attrib name="PSCLK_INV" value="0"/><attrib name="PSCLK" value="1"/></item>
<item name="PSEN" rev="16">
<attrib name="PSEN_INV" value="0"/><attrib name="PSEN" value="1"/></item>
<item name="PSINCDEC" rev="16">
<attrib name="PSINCDEC_INV" value="0"/><attrib name="PSINCDEC" value="1"/></item>
<item name="RST" rev="16">
<attrib name="RST" value="1"/><attrib name="RST_INV" value="0"/></item>
</group>
</ReportConfigData>
<ReportPinData TimeStamp="Fri Aug 20 10:24:52 2010"><group name="IBUF_PAD">
<item name="PAD" rev="16">
<attrib name="value" value="25"/></item>
</group>
<group name="IBUF_INBUF">
<item name="IN" rev="16">
<attrib name="value" value="25"/></item>
<item name="OUT" rev="16">
<attrib name="value" value="25"/></item>
</group>
<group name="SLICEL">
<item name="BX" rev="16">
<attrib name="value" value="2"/></item>
<item name="CIN" rev="16">
<attrib name="value" value="17"/></item>
<item name="CLK" rev="16">
<attrib name="value" value="19"/></item>
<item name="COUT" rev="16">
<attrib name="value" value="17"/></item>
<item name="F1" rev="16">
<attrib name="value" value="25"/></item>
<item name="F2" rev="16">
<attrib name="value" value="6"/></item>
<item name="F3" rev="16">
<attrib name="value" value="6"/></item>
<item name="F4" rev="16">
<attrib name="value" value="4"/></item>
<item name="G1" rev="16">
<attrib name="value" value="19"/></item>
<item name="G2" rev="16">
<attrib name="value" value="2"/></item>
<item name="G3" rev="16">
<attrib name="value" value="2"/></item>
<item name="G4" rev="16">
<attrib name="value" value="2"/></item>
<item name="X" rev="16">
<attrib name="value" value="6"/></item>
<item name="XQ" rev="16">
<attrib name="value" value="19"/></item>
<item name="Y" rev="16">
<attrib name="value" value="2"/></item>
<item name="YQ" rev="16">
<attrib name="value" value="17"/></item>
</group>
<group name="IOB_OUTBUF">
<item name="IN" rev="16">
<attrib name="value" value="2"/></item>
<item name="OUT" rev="16">
<attrib name="value" value="2"/></item>
<item name="TRI" rev="16">
<attrib name="value" value="2"/></item>
</group>
<group name="SLICEL_CYMUXF">
<item name="0" rev="16">
<attrib name="value" value="17"/></item>
<item name="1" rev="16">
<attrib name="value" value="17"/></item>
<item name="OUT" rev="16">
<attrib name="value" value="17"/></item>
<item name="S0" rev="16">
<attrib name="value" value="17"/></item>
</group>
<group name="SLICEL_CYMUXG">
<item name="0" rev="16">
<attrib name="value" value="17"/></item>
<item name="1" rev="16">
<attrib name="value" value="17"/></item>
<item name="OUT" rev="16">
<attrib name="value" value="17"/></item>
<item name="S0" rev="16">
<attrib name="value" value="17"/></item>
</group>
<group name="BUFGMUX_GCLKMUX">
<item name="I0" rev="16">
<attrib name="value" value="3"/></item>
<item name="OUT" rev="16">
<attrib name="value" value="3"/></item>
<item name="S" rev="16">
<attrib name="value" value="3"/></item>
</group>
<group name="SLICEL_C1VDD">
<item name="1" rev="16">
<attrib name="value" value="2"/></item>
</group>
<group name="IBUF">
<item name="I" rev="16">
<attrib name="value" value="1"/></item>
<item name="ICLK1" rev="16">
<attrib name="value" value="24"/></item>
<item name="IQ1" rev="16">
<attrib name="value" value="24"/></item>
<item name="PAD" rev="16">
<attrib name="value" value="25"/></item>
</group>
<group name="SLICEL_FFX">
<item name="CK" rev="16">
<attrib name="value" value="19"/></item>
<item name="D" rev="16">
<attrib name="value" value="19"/></item>
<item name="Q" rev="16">
<attrib name="value" value="19"/></item>
</group>
<group name="SLICEL_XORF">
<item name="0" rev="16">
<attrib name="value" value="19"/></item>
<item name="1" rev="16">
<attrib name="value" value="19"/></item>
<item name="O" rev="16">
<attrib name="value" value="19"/></item>
</group>
<group name="SLICEL_FFY">
<item name="CK" rev="16">
<attrib name="value" value="17"/></item>
<item name="D" rev="16">
<attrib name="value" value="17"/></item>
<item name="Q" rev="16">
<attrib name="value" value="17"/></item>
</group>
<group name="SLICEL_XORG">
<item name="0" rev="16">
<attrib name="value" value="17"/></item>
<item name="1" rev="16">
<attrib name="value" value="17"/></item>
<item name="O" rev="16">
<attrib name="value" value="17"/></item>
</group>
<group name="IBUF_IFF1">
<item name="CK" rev="16">
<attrib name="value" value="24"/></item>
<item name="D" rev="16">
<attrib name="value" value="24"/></item>
<item name="Q" rev="16">
<attrib name="value" value="24"/></item>
</group>
<group name="IOB_PAD">
<item name="PAD" rev="16">
<attrib name="value" value="2"/></item>
</group>
<group name="IOB">
<item name="O1" rev="16">
<attrib name="value" value="2"/></item>
<item name="PAD" rev="16">
<attrib name="value" value="2"/></item>
<item name="T1" rev="16">
<attrib name="value" value="2"/></item>
</group>
<group name="DCM_DCM">
<item name="CLK0" rev="16">
<attrib name="value" value="1"/></item>
<item name="CLKDV" rev="16">
<attrib name="value" value="1"/></item>
<item name="CLKFB" rev="16">
<attrib name="value" value="1"/></item>
<item name="CLKIN" rev="16">
<attrib name="value" value="1"/></item>
<item name="PSCLK" rev="16">
<attrib name="value" value="1"/></item>
<item name="PSEN" rev="16">
<attrib name="value" value="1"/></item>
<item name="PSINCDEC" rev="16">
<attrib name="value" value="1"/></item>
<item name="RST" rev="16">
<attrib name="value" value="1"/></item>
</group>
<group name="BUFGMUX">
<item name="I0" rev="16">
<attrib name="value" value="3"/></item>
<item name="O" rev="16">
<attrib name="value" value="3"/></item>
<item name="S" rev="16">
<attrib name="value" value="3"/></item>
</group>
<group name="DCM">
<item name="CLK0" rev="16">
<attrib name="value" value="1"/></item>
<item name="CLKDV" rev="16">
<attrib name="value" value="1"/></item>
<item name="CLKFB" rev="16">
<attrib name="value" value="1"/></item>
<item name="CLKIN" rev="16">
<attrib name="value" value="1"/></item>
<item name="PSCLK" rev="16">
<attrib name="value" value="1"/></item>
<item name="PSEN" rev="16">
<attrib name="value" value="1"/></item>
<item name="PSINCDEC" rev="16">
<attrib name="value" value="1"/></item>
<item name="RST" rev="16">
<attrib name="value" value="1"/></item>
</group>
<group name="BUFGMUX_GCLK_BUFFER">
<item name="IN" rev="16">
<attrib name="value" value="3"/></item>
<item name="OUT" rev="16">
<attrib name="value" value="3"/></item>
</group>
<group name="SLICEL_F">
<item name="A1" rev="16">
<attrib name="value" value="25"/></item>
<item name="A2" rev="16">
<attrib name="value" value="6"/></item>
<item name="A3" rev="16">
<attrib name="value" value="6"/></item>
<item name="A4" rev="16">
<attrib name="value" value="4"/></item>
<item name="D" rev="16">
<attrib name="value" value="25"/></item>
</group>
<group name="SLICEL_G">
<item name="A1" rev="16">
<attrib name="value" value="19"/></item>
<item name="A2" rev="16">
<attrib name="value" value="2"/></item>
<item name="A3" rev="16">
<attrib name="value" value="2"/></item>
<item name="A4" rev="16">
<attrib name="value" value="2"/></item>
<item name="D" rev="16">
<attrib name="value" value="19"/></item>
</group>
<group name="SLICEL_GNDF">
<item name="0" rev="16">
<attrib name="value" value="15"/></item>
</group>
<group name="IBUF_IFD_DELAY">
<item name="IN" rev="16">
<attrib name="value" value="24"/></item>
<item name="OUT" rev="16">
<attrib name="value" value="24"/></item>
</group>
<group name="SLICEL_GNDG">
<item name="0" rev="16">
<attrib name="value" value="17"/></item>
</group>
</ReportPinData>
<CmdHistory>
</CmdHistory>
</DeviceUsageSummary>
