<?xml version="1.0"?>
<DARoots Version="1" Minor="6">
	<FileSet Name="constrs_1" Type="Constrs" RelSrcDir="$PSRCDIR/constrs_1">
		<Filter Type="Constrs"/>
		<Root Path="C:/FPGA Lab Manual/Experiment 1/TwoJunctions/top.ucf">
		</Root>
		<Root Path="$PDATADIR/constrs_1/designprops.xml">
			<Src SFType="CompatPartsDb"/>
		</Root>
		<Root Path="$PDATADIR/constrs_1/usercols.xml">
			<Src SFType="UserColsDb"/>
		</Root>
		<Config>
			<Option Name="TargetPart" Val="xc3s250etq144-4"/>
		</Config>
	</FileSet>
</DARoots>

